Tc, nu1, nu2, mu, sigma, skew, kurtosis, mean_sq_err
1.000000, 0.100000, 0.001000, 0.000370798839, 0.001825537225, -0.174494589894, 1.123119535628, 48.614651049401
1.000000, 0.100000, 0.002000, 0.000373149272, 0.001773174344, -0.021406707194, 1.587446796480, 45.453824818500
1.000000, 0.100000, 0.003000, 0.000398084031, 0.002260911800, 0.020718830373, 1.069166045726, 49.022099570653
1.000000, 0.100000, 0.004000, 0.000384676687, 0.002252662332, 0.059514918009, 0.651510852267, 51.997041381205
1.000000, 0.100000, 0.005000, 0.000378322307, 0.002078241941, 0.041951119831, 0.877201105186, 50.379266656701
1.000000, 0.100000, 0.006000, 0.000396133473, 0.002237696132, 0.018275107602, 0.564023006474, 52.620665922746
1.000000, 0.100000, 0.007000, 0.000373801134, 0.002515906793, -0.195786233368, 0.730506388930, 51.388136341698
1.000000, 0.100000, 0.008000, 0.000402335545, 0.002323640706, 0.052124321714, 1.045234881323, 49.196425334812
1.000000, 0.100000, 0.009000, 0.000402829103, 0.002463446549, 0.022487435542, 0.907536739732, 50.160166287349
1.000000, 0.200000, 0.001000, 0.000382027614, 0.002343138408, -0.016132469966, 1.385225678727, 46.827877878558
1.000000, 0.200000, 0.002000, 0.000371469235, 0.002747308587, 0.036302954535, 0.477844638898, 53.251174051749
1.000000, 0.200000, 0.003000, 0.000399222132, 0.002205649166, 0.037858891029, 2.066740372888, 42.292898614260
1.000000, 0.200000, 0.004000, 0.000402672623, 0.003172183285, -0.100896419202, 0.741034208646, 51.324173739458
1.000000, 0.200000, 0.005000, 0.000375392908, 0.002888377302, -0.008669805538, 0.663750784593, 51.894687998620
1.000000, 0.200000, 0.006000, 0.000388032865, 0.003231388663, -0.035563002781, 0.592769326690, 52.402152982703
1.000000, 0.200000, 0.007000, 0.000388466247, 0.002933194498, 0.023581746879, 0.656363512648, 51.954311732701
1.000000, 0.200000, 0.008000, 0.000375306921, 0.003022630307, 0.103513308867, 1.064641864006, 49.072488460817
1.000000, 0.200000, 0.009000, 0.000378760452, 0.003134392500, -0.027329683104, 0.456848503643, 53.391875251913
1.000000, 0.300000, 0.001000, 0.000370191513, 0.002261300037, -0.014916868478, 2.513176177489, 39.430393366504
1.000000, 0.300000, 0.002000, 0.000375090502, 0.002464706745, -0.124531235344, 3.068188114113, 36.006273721236
1.000000, 0.300000, 0.003000, 0.000400594555, 0.002325976095, -0.017815207978, 2.206389551997, 41.378944251756
1.000000, 0.300000, 0.004000, 0.000396198839, 0.002729731341, 0.007211030975, 1.634190304829, 45.144823748878
1.000000, 0.300000, 0.005000, 0.000377103465, 0.002909374796, -0.100689215707, 1.733000334334, 44.465120741241
1.000000, 0.300000, 0.006000, 0.000405255687, 0.002989186326, -0.001851973823, 1.726046761058, 44.528239068770
1.000000, 0.300000, 0.007000, 0.000394292608, 0.003217394477, 0.082178811150, 1.021234825354, 49.371690768624
1.000000, 0.300000, 0.008000, 0.000383712798, 0.003289554575, -0.009614711000, 1.317552805802, 47.293166232089
1.000000, 0.300000, 0.009000, 0.000400517630, 0.003409683397, 0.155940830884, 2.095520733241, 42.134793043899
1.000000, 0.400000, 0.001000, 0.000379778410, 0.002783497635, 0.116720010182, 1.774682442044, 44.230964229238
1.000000, 0.400000, 0.002000, 0.000371736114, 0.002818222055, -0.047170568695, 1.911185095371, 43.293627550280
1.000000, 0.400000, 0.003000, 0.000374703311, 0.002371004265, -0.110963461410, 3.260272955460, 34.865020068627
1.000000, 0.400000, 0.004000, 0.000396025771, 0.003179110652, -0.098255944086, 1.614487576986, 45.259066849110
1.000000, 0.400000, 0.005000, 0.000374326231, 0.002906315691, -0.239754707592, 1.699614521785, 44.672674773519
1.000000, 0.400000, 0.006000, 0.000396596617, 0.003106614309, 0.078941016209, 1.387028321882, 46.835585770236
1.000000, 0.400000, 0.007000, 0.000381148856, 0.003214753526, -0.124957238408, 1.836618999275, 43.773648994417
1.000000, 0.400000, 0.008000, 0.000377697214, 0.003751786703, -0.156288454593, 1.729700001139, 44.479846117205
1.000000, 0.400000, 0.009000, 0.000375593633, 0.003395071638, -0.092450124004, 1.446233817511, 46.398657128571
1.000000, 0.500000, 0.001000, 0.000377176550, 0.002972236677, -0.047661158527, 1.930766176943, 43.164842997427
1.000000, 0.500000, 0.002000, 0.000392860159, 0.002203889674, -0.178134930142, 3.927832463383, 31.027570432127
1.000000, 0.500000, 0.003000, 0.000380499476, 0.002460001030, 0.069532998689, 2.729412870094, 38.102489617340
1.000000, 0.500000, 0.004000, 0.000401133740, 0.002923375436, 0.129422131314, 1.903976472178, 43.379139976231
1.000000, 0.500000, 0.005000, 0.000373838014, 0.003373243650, -0.115633619446, 1.387476822226, 46.796339945573
1.000000, 0.500000, 0.006000, 0.000381277066, 0.003395050410, -0.302897595512, 1.763067579914, 44.245847719124
1.000000, 0.500000, 0.007000, 0.000373524799, 0.003634147683, -0.280665580676, 1.538267489683, 45.754857085180
1.000000, 0.500000, 0.008000, 0.000373172361, 0.003146372211, 0.151952926187, 1.618075002930, 45.287116682522
1.000000, 0.500000, 0.009000, 0.000389266841, 0.003436892332, -0.081033203275, 1.335508509843, 47.157496628811
1.000000, 0.600000, 0.001000, 0.000411559397, 0.003817058176, 0.113018247093, 1.141845415797, 48.535855449651
1.000000, 0.600000, 0.002000, 0.000374559487, 0.002757300140, -0.055712018213, 2.458002644028, 39.770212780539
1.000000, 0.600000, 0.003000, 0.000375624786, 0.002883220000, -0.068648913114, 2.609170997696, 38.820816429925
1.000000, 0.600000, 0.004000, 0.000400535181, 0.003057704740, -0.305980907354, 3.247651787018, 34.921838900506
1.000000, 0.600000, 0.005000, 0.000399467175, 0.003206646003, 0.167326511847, 2.744827684309, 38.032330596412
1.000000, 0.600000, 0.006000, 0.000378818188, 0.003093644938, -0.059126193769, 2.247768829186, 41.106036626882
1.000000, 0.600000, 0.007000, 0.000375093599, 0.003185433256, -0.068800120226, 2.591722389032, 38.929546474615
1.000000, 0.600000, 0.008000, 0.000388032423, 0.004081589164, -0.157591668399, 1.440735580440, 46.427467563189
1.000000, 0.600000, 0.009000, 0.000378003521, 0.003635408904, -0.202956675469, 1.469246924757, 46.228669589367
1.000000, 0.700000, 0.001000, 0.000375450103, 0.002444761621, -0.045988851122, 3.450492844388, 33.761323324354
1.000000, 0.700000, 0.002000, 0.000378762214, 0.003038252745, -0.051715418390, 3.206489349223, 35.192374789233
1.000000, 0.700000, 0.003000, 0.000399080982, 0.003583730923, 0.119585218586, 1.870702673325, 43.595862164997
1.000000, 0.700000, 0.004000, 0.000400655523, 0.003702557027, -0.052381480968, 1.915887016834, 43.261814841622
1.000000, 0.700000, 0.005000, 0.000384219932, 0.003130776255, -0.005499338788, 3.140192835868, 35.594960609575
1.000000, 0.700000, 0.006000, 0.000398080168, 0.003107465725, 0.111846226067, 2.255767149872, 41.090399728338
1.000000, 0.700000, 0.007000, 0.000396503011, 0.003539906902, -0.024424557506, 1.768411002813, 44.241854892024
1.000000, 0.700000, 0.008000, 0.000377334185, 0.003481666091, -0.099895846855, 1.677306090608, 44.837302209942
1.000000, 0.700000, 0.009000, 0.000396196169, 0.003746759417, 0.072840334720, 1.799262937521, 44.057113172428
1.000000, 0.800000, 0.001000, 0.000399610392, 0.002302336913, -0.234178555388, 4.333620026604, 28.803655026628
1.000000, 0.800000, 0.002000, 0.000374143753, 0.002969269996, -0.079385169346, 2.404531838113, 40.104194992503
1.000000, 0.800000, 0.003000, 0.000401670594, 0.003378923739, 0.117394852547, 1.942344920609, 43.123908432523
1.000000, 0.800000, 0.004000, 0.000399209422, 0.003663623923, -0.128900805662, 1.940157331022, 43.090918912871
1.000000, 0.800000, 0.005000, 0.000374478179, 0.003485780690, 0.016880566034, 1.147749168217, 48.472883712933
1.000000, 0.800000, 0.006000, 0.000392533107, 0.003867905467, -0.293876096966, 1.598827628745, 45.345463618439
1.000000, 0.800000, 0.007000, 0.000379454481, 0.003800857758, 0.144354732678, 2.253550262588, 41.113022177793
1.000000, 0.800000, 0.008000, 0.000401915501, 0.003420701317, 0.013772982123, 1.808480961612, 43.983184839985
1.000000, 0.800000, 0.009000, 0.000376349216, 0.003956390691, -0.038624479101, 0.929858898033, 49.990580373748
1.000000, 0.900000, 0.001000, 0.000370864850, 0.002846166977, -0.081666299820, 2.184035344831, 41.511933514842
1.000000, 0.900000, 0.002000, 0.000401901831, 0.003400274540, 0.077088505415, 2.676046660362, 38.434134242431
1.000000, 0.900000, 0.003000, 0.000401621975, 0.002866279898, 0.093763880355, 2.351111717745, 40.477509349081
1.000000, 0.900000, 0.004000, 0.000386910539, 0.003068813830, -0.133944013307, 2.415846143652, 40.024862233059
1.000000, 0.900000, 0.005000, 0.000403323877, 0.003328123332, 0.104780760219, 2.357255457956, 40.441153469335
1.000000, 0.900000, 0.006000, 0.000378383241, 0.003520146830, -0.024330870932, 2.134445070261, 41.841629281297
1.000000, 0.900000, 0.007000, 0.000371683937, 0.004088482935, -0.144351080182, 2.130367748245, 41.849639700878
1.000000, 0.900000, 0.008000, 0.000378334818, 0.003967483063, 0.095530232586, 1.329151081148, 47.236238398004
1.000000, 0.900000, 0.009000, 0.000383770371, 0.004027739010, -0.057635005408, 1.275960200452, 47.570956760357
2.000000, 0.100000, 0.001000, 0.000370030369, 0.002888699686, 0.059798659454, 1.328774778466, 47.230469206854
2.000000, 0.100000, 0.002000, 0.000377314859, 0.003722541999, -0.124688809390, 0.600609900387, 52.331607776904
2.000000, 0.100000, 0.003000, 0.000393115895, 0.004035189221, 0.039505797672, 0.541334354473, 52.789753361970
2.000000, 0.100000, 0.004000, 0.000382262844, 0.003181896605, -0.247596838969, 1.477932619076, 46.165959471076
2.000000, 0.100000, 0.005000, 0.000375038073, 0.004298657857, -0.035981429072, 0.790593744959, 50.980249993158
2.000000, 0.100000, 0.006000, 0.000405162908, 0.004181826642, 0.031397241785, 0.584596208912, 52.474306686196
2.000000, 0.100000, 0.007000, 0.000403511393, 0.004330759711, 0.008071601448, 0.325870713664, 54.359651234086
2.000000, 0.100000, 0.008000, 0.000403709260, 0.004057353670, 0.107428316858, 0.862748165327, 50.497066421479
2.000000, 0.100000, 0.009000, 0.000378958315, 0.004188430090, 0.096765552007, 0.603158532554, 52.354833808049
2.000000, 0.200000, 0.001000, 0.000364088086, 0.004089464445, -0.089561335549, 1.020272743933, 49.345253450290
2.000000, 0.200000, 0.002000, 0.000396026047, 0.004542190263, -0.056054403207, 0.966945721990, 49.725796094751
2.000000, 0.200000, 0.003000, 0.000406271014, 0.004002354694, 0.196104823534, 2.782415699059, 37.809340048230
2.000000, 0.200000, 0.004000, 0.000401692443, 0.003767382421, 0.264709701993, 2.283899922631, 40.954611214648
2.000000, 0.200000, 0.005000, 0.000399177895, 0.005361980788, -0.011072821827, 1.194146680103, 48.145027071898
2.000000, 0.200000, 0.006000, 0.000371497590, 0.004651362999, 0.041443925647, 0.970762692078, 49.717556915500
2.000000, 0.200000, 0.007000, 0.000409582739, 0.004597809566, -0.098619398390, 1.353110979074, 47.034080036670
2.000000, 0.200000, 0.008000, 0.000378431928, 0.005657808413, 0.033554339293, 0.432826480239, 53.579456650051
2.000000, 0.200000, 0.009000, 0.000405468435, 0.006177820574, 0.083004705421, 0.628888515726, 52.165620667981
2.000000, 0.300000, 0.001000, 0.000380230040, 0.004455845854, 0.236108798113, 2.197455661011, 41.499797447021
2.000000, 0.300000, 0.002000, 0.000404181038, 0.003964826912, 0.137838961615, 3.209752866338, 35.214084627097
2.000000, 0.300000, 0.003000, 0.000405706572, 0.004645235760, 0.009856048689, 1.947860971943, 43.063312278319
2.000000, 0.300000, 0.004000, 0.000380906828, 0.004319750327, -0.127699879692, 1.868870631102, 43.560203079966
2.000000, 0.300000, 0.005000, 0.000413738194, 0.005529298772, 0.015090575060, 1.063852653184, 49.058130019903
2.000000, 0.300000, 0.006000, 0.000389330931, 0.005648240830, 0.143935109580, 1.216270329257, 48.027088264586
2.000000, 0.300000, 0.007000, 0.000395566332, 0.005423491465, 0.110138393485, 1.569796335197, 45.601422916290
2.000000, 0.300000, 0.008000, 0.000358339703, 0.005877340267, -0.037390043942, 1.026216001910, 49.312038838324
2.000000, 0.300000, 0.009000, 0.000384018698, 0.005443191565, -0.082290938753, 0.956674261841, 49.794018080631
2.000000, 0.400000, 0.001000, 0.000367314882, 0.004787277734, 0.128402205699, 2.931303400959, 36.881718510624
2.000000, 0.400000, 0.002000, 0.000388958843, 0.004420346399, -0.147904794702, 2.211428090728, 41.326552242468
2.000000, 0.400000, 0.003000, 0.000374639789, 0.005184127753, -0.038033421755, 2.677178934157, 38.403528022280
2.000000, 0.400000, 0.004000, 0.000379872229, 0.005627390117, -0.086861312946, 1.912717220307, 43.277124936510
2.000000, 0.400000, 0.005000, 0.000395617655, 0.005730791217, -0.162884095042, 1.702870621890, 44.658163942802
2.000000, 0.400000, 0.006000, 0.000392564099, 0.005054884658, 0.000648282565, 2.017769836623, 42.604164683662
2.000000, 0.400000, 0.007000, 0.000397058590, 0.006272731329, -0.047510172196, 1.121804288243, 48.641528939687
2.000000, 0.400000, 0.008000, 0.000409409760, 0.006778551556, -0.046675961586, 1.383969553791, 46.830973484274
2.000000, 0.400000, 0.009000, 0.000365683636, 0.006028070331, -0.128290228959, 0.937139715349, 49.925371016441
2.000000, 0.500000, 0.001000, 0.000369868406, 0.004731581113, -0.074733939072, 2.372397565946, 40.308611846206
2.000000, 0.500000, 0.002000, 0.000406578685, 0.004314595150, -0.135079984922, 3.550109960795, 33.171880603174
2.000000, 0.500000, 0.003000, 0.000405178158, 0.004929887819, 0.038405194270, 1.669470206840, 44.914625491853
2.000000, 0.500000, 0.004000, 0.000407105698, 0.006076033124, -0.014779663215, 0.958055582564, 49.795804687820
2.000000, 0.500000, 0.005000, 0.000394268487, 0.005452183549, -0.198887430164, 2.413546181321, 40.032134584723
2.000000, 0.500000, 0.006000, 0.000400076851, 0.005457526038, -0.103352005999, 1.795025983795, 44.052185189658
2.000000, 0.500000, 0.007000, 0.000373053449, 0.006470768471, -0.001494862614, 1.169776026806, 48.316047007622
2.000000, 0.500000, 0.008000, 0.000396100480, 0.005911106349, -0.079293610596, 1.553348047924, 45.674066628176
2.000000, 0.500000, 0.009000, 0.000388173764, 0.006447520625, -0.246564729743, 2.429161786971, 39.929409665590
2.000000, 0.600000, 0.001000, 0.000408456629, 0.005097893204, -0.003260448197, 2.103544828268, 42.045625525871
2.000000, 0.600000, 0.002000, 0.000376627792, 0.004942734259, -0.081240421047, 3.393030286348, 34.090117941348
2.000000, 0.600000, 0.003000, 0.000404923836, 0.006022807299, 0.253454465966, 2.017255831842, 42.672897521480
2.000000, 0.600000, 0.004000, 0.000395918269, 0.006150898708, 0.050090700202, 1.411950600506, 46.658710329419
2.000000, 0.600000, 0.005000, 0.000405225749, 0.005635424874, 0.007709861100, 2.252816754301, 41.085859790937
2.000000, 0.600000, 0.006000, 0.000400654381, 0.006528024154, -0.198204648838, 1.893154033255, 43.392092295861
2.000000, 0.600000, 0.007000, 0.000383718688, 0.006590161566, -0.059631304053, 1.321531327563, 47.256915232067
2.000000, 0.600000, 0.008000, 0.000375405497, 0.007424889868, -0.046583078090, 0.928858591028, 49.996255803425
2.000000, 0.600000, 0.009000, 0.000369496969, 0.006439552428, 0.083492507583, 1.585946549937, 45.486010574754
2.000000, 0.700000, 0.001000, 0.000391307035, 0.005238007158, 0.242578158277, 5.677132817155, 22.139177462386
2.000000, 0.700000, 0.002000, 0.000411050266, 0.005369804296, -0.154400764704, 2.675278730289, 38.398193916744
2.000000, 0.700000, 0.003000, 0.000374149597, 0.005311262534, -0.155887350380, 2.329465192378, 40.570405603600
2.000000, 0.700000, 0.004000, 0.000368751641, 0.006187976865, 0.010257551200, 1.360424460633, 47.002779110334
2.000000, 0.700000, 0.005000, 0.000398577376, 0.006061627747, 0.107893114325, 1.701173007038, 44.718613135816
2.000000, 0.700000, 0.006000, 0.000402838602, 0.006338669303, 0.119219668181, 1.930935781334, 43.199259923428
2.000000, 0.700000, 0.007000, 0.000386709954, 0.007150015148, 0.001005823578, 1.276867386339, 47.575301560996
2.000000, 0.700000, 0.008000, 0.000378732474, 0.007057803906, -0.021378619860, 1.947953503364, 43.056693222573
2.000000, 0.700000, 0.009000, 0.000377740940, 0.007427839297, 0.062124022579, 1.068476855945, 49.035838734136
2.000000, 0.800000, 0.001000, 0.000407166886, 0.006031998550, -0.028371901906, 2.502841485860, 39.492790892223
2.000000, 0.800000, 0.002000, 0.000407029752, 0.005991699482, 0.119169212313, 2.545831250785, 39.255337900081
2.000000, 0.800000, 0.003000, 0.000368914811, 0.005473439733, 0.038792365483, 1.831348319720, 43.836931797598
2.000000, 0.800000, 0.004000, 0.000399826110, 0.005564870928, -0.066226800398, 2.330078403127, 40.579013848381
2.000000, 0.800000, 0.005000, 0.000400647372, 0.005822439141, -0.015100764365, 2.125733122328, 41.899679713591
2.000000, 0.800000, 0.006000, 0.000410587795, 0.006295056667, 0.117829602365, 1.815417001349, 43.960932577814
2.000000, 0.800000, 0.007000, 0.000405403768, 0.006211402720, 0.051912778700, 1.717680603834, 44.595209432880
2.000000, 0.800000, 0.008000, 0.000387459807, 0.007249947103, 0.042794817307, 1.194998630379, 48.150048999767
2.000000, 0.800000, 0.009000, 0.000369590136, 0.006789911013, 0.026311963733, 1.836661061861, 43.799139593844
2.000000, 0.900000, 0.001000, 0.000361884843, 0.005638872097, 0.065964282068, 2.224227859331, 41.281664126017
2.000000, 0.900000, 0.002000, 0.000407181355, 0.005531578810, -0.099501296041, 2.771016864982, 37.814564937321
2.000000, 0.900000, 0.003000, 0.000409473798, 0.005464693933, -0.043592656462, 2.368531762350, 40.338303391159
2.000000, 0.900000, 0.004000, 0.000372279912, 0.006902119724, -0.030204529752, 1.169922226022, 48.309656110465
2.000000, 0.900000, 0.005000, 0.000391369837, 0.006244359096, -0.003494494722, 1.545843683420, 45.738002380741
2.000000, 0.900000, 0.006000, 0.000405962971, 0.005958801727, -0.142347486991, 2.446753640791, 39.828533516521
2.000000, 0.900000, 0.007000, 0.000412266487, 0.007520429588, 0.059723670710, 1.342195685961, 47.138295267087
2.000000, 0.900000, 0.008000, 0.000385352820, 0.007187148227, 0.007372731768, 1.120146473483, 48.663242676973
2.000000, 0.900000, 0.009000, 0.000377294798, 0.007401412670, 0.016045459313, 1.593968343729, 45.417118221240
3.000000, 0.100000, 0.001000, 0.000367066053, 0.004261013640, -0.114713067802, 1.449855224831, 46.370804191928
3.000000, 0.100000, 0.002000, 0.000366509682, 0.005000444596, -0.159379804707, 1.364856944300, 46.945640257545
3.000000, 0.100000, 0.003000, 0.000412164508, 0.005244582734, -0.207538901670, 0.858395677645, 50.474408935557
3.000000, 0.100000, 0.004000, 0.000410653667, 0.005708559679, -0.082720329992, 0.700046745811, 51.620873117536
3.000000, 0.100000, 0.005000, 0.000410512911, 0.005412001649, -0.056756850326, 0.775779055881, 51.082473875778
3.000000, 0.100000, 0.006000, 0.000410549311, 0.006209472509, -0.053143300016, 0.551627791070, 52.697255710246
3.000000, 0.100000, 0.007000, 0.000401528327, 0.006415807680, -0.072188159730, 0.602436273353, 52.326047537093
3.000000, 0.100000, 0.008000, 0.000367747949, 0.006323664114, 0.067228869929, 0.394712732025, 53.866104079105
3.000000, 0.100000, 0.009000, 0.000403651991, 0.006309617100, 0.007564667069, 0.551414277114, 52.709957447716
3.000000, 0.200000, 0.001000, 0.000402909590, 0.005435723945, 0.123007275735, 2.291440239856, 40.865045572543
3.000000, 0.200000, 0.002000, 0.000366391056, 0.006159842553, -0.021236405070, 1.518377132378, 45.920519456740
3.000000, 0.200000, 0.003000, 0.000412367163, 0.005514563589, 0.240515576517, 2.695139734968, 38.360794090240
3.000000, 0.200000, 0.004000, 0.000417629733, 0.007153389523, -0.066419044855, 0.444483656631, 53.475509945991
3.000000, 0.200000, 0.005000, 0.000366865445, 0.005828027869, -0.082662005297, 1.338565073729, 47.136253798473
3.000000, 0.200000, 0.006000, 0.000403899485, 0.007257396873, 0.123754796225, 1.004829651038, 49.497200968378
3.000000, 0.200000, 0.007000, 0.000380268249, 0.006920137254, 0.057244631711, 0.916598584883, 50.103490981637
3.000000, 0.200000, 0.008000, 0.000408131483, 0.008067706988, -0.008976305447, 0.539647446516, 52.792162989023
3.000000, 0.200000, 0.009000, 0.000372098401, 0.007747571189, -0.024752759117, 0.963581192269, 49.754982058376
3.000000, 0.300000, 0.001000, 0.000388625408, 0.006720034571, 0.067254364373, 1.496809588655, 46.085014374702
3.000000, 0.300000, 0.002000, 0.000395946434, 0.006339347808, 0.006546159697, 3.784556701300, 31.858729917385
3.000000, 0.300000, 0.003000, 0.000378601530, 0.007188163298, 0.085388562872, 1.121095655648, 48.673654446501
3.000000, 0.300000, 0.004000, 0.000412280592, 0.007371787484, 0.077896335293, 1.577608538102, 45.540907306852
3.000000, 0.300000, 0.005000, 0.000394447626, 0.006689301052, 0.043595961250, 2.827418355770, 37.494539230127
3.000000, 0.300000, 0.006000, 0.000405089038, 0.008155884247, 0.004371603737, 1.477142517076, 46.205148749898
3.000000, 0.300000, 0.007000, 0.000356937634, 0.007926882656, -0.232822702762, 1.600830096455, 45.335839376508
3.000000, 0.300000, 0.008000, 0.000349985483, 0.008509269658, -0.027164658471, 0.636686709101, 52.086304679115
3.000000, 0.300000, 0.009000, 0.000390812054, 0.008669503206, 0.046813722711, 0.888048056021, 50.303374669071
3.000000, 0.400000, 0.001000, 0.000360924457, 0.006676514939, -0.057109172587, 2.237742104967, 41.170646715603
3.000000, 0.400000, 0.002000, 0.000410080049, 0.005974909501, -0.011849787116, 3.052258306129, 36.120028632301
3.000000, 0.400000, 0.003000, 0.000379633998, 0.008134701570, 0.096046950709, 1.577246739443, 45.547676096914
3.000000, 0.400000, 0.004000, 0.000407468593, 0.007681024111, -0.021622252265, 1.350040777900, 47.067831260954
3.000000, 0.400000, 0.005000, 0.000379105560, 0.007418425667, 0.012651691973, 2.777646030511, 37.793262609241
3.000000, 0.400000, 0.006000, 0.000405187206, 0.007824605373, 0.143400915866, 1.467534200701, 46.302718084238
3.000000, 0.400000, 0.007000, 0.000367987806, 0.008964455892, -0.006779355865, 1.124186324848, 48.632309357120
3.000000, 0.400000, 0.008000, 0.000364536160, 0.008619778888, -0.126996536721, 1.315791657154, 47.286363538404
3.000000, 0.400000, 0.009000, 0.000366341447, 0.008977608295, -0.197440594747, 0.942371315416, 49.880551022593
3.000000, 0.500000, 0.001000, 0.000362482750, 0.006157970086, -0.069843727776, 2.708225808809, 38.206095702100
3.000000, 0.500000, 0.002000, 0.000407108728, 0.006581271012, 0.142384722836, 2.045905202199, 42.453516298973
3.000000, 0.500000, 0.003000, 0.000402466160, 0.007395200705, -0.039548932777, 1.841542167769, 43.754224627542
3.000000, 0.500000, 0.004000, 0.000421987179, 0.006891813720, -0.110921557494, 2.351114117977, 40.438421961094
3.000000, 0.500000, 0.005000, 0.000404903908, 0.008220857805, -0.000597288234, 1.555430349883, 45.673774333381
3.000000, 0.500000, 0.006000, 0.000405695927, 0.007760231362, 0.085301649850, 1.441599638144, 46.464568110910
3.000000, 0.500000, 0.007000, 0.000370766535, 0.008468314741, 0.053287858647, 1.580457370053, 45.516085048299
3.000000, 0.500000, 0.008000, 0.000358354664, 0.008974329558, -0.261432052457, 1.565978805613, 45.568738486570
3.000000, 0.500000, 0.009000, 0.000369467561, 0.008078886638, -0.002376893453, 2.129951260749, 41.874812108062
3.000000, 0.600000, 0.001000, 0.000364474955, 0.007602522854, -0.151968759676, 2.819768371718, 37.508508340667
3.000000, 0.600000, 0.002000, 0.000401397890, 0.007027669669, 0.015890130563, 2.364617288355, 40.374348026218
3.000000, 0.600000, 0.003000, 0.000365388140, 0.009352614293, -0.063348795438, 1.682445177753, 44.808525938550
3.000000, 0.600000, 0.004000, 0.000363425577, 0.008263958736, 0.021365168510, 2.102749907344, 42.055684445003
3.000000, 0.600000, 0.005000, 0.000401216833, 0.008153652915, 0.026461124349, 1.367174479580, 46.959837828793
3.000000, 0.600000, 0.006000, 0.000404168749, 0.008104630056, -0.035469925379, 1.586920352897, 45.454804733328
3.000000, 0.600000, 0.007000, 0.000377705937, 0.009005285794, 0.039009490992, 1.214355787234, 48.015068436257
3.000000, 0.600000, 0.008000, 0.000377655824, 0.009702411708, 0.040193927571, 1.414407911880, 46.639772781032
3.000000, 0.600000, 0.009000, 0.000383216437, 0.009175475644, 0.135992537724, 1.634666346154, 45.171341263603
3.000000, 0.700000, 0.001000, 0.000412527045, 0.007702533649, 0.097577524575, 2.578818857869, 39.043712491538
3.000000, 0.700000, 0.002000, 0.000375589736, 0.007170669483, -0.172216582763, 2.337467997159, 40.517604093554
3.000000, 0.700000, 0.003000, 0.000410756958, 0.006881065027, -0.008874082750, 3.358575465194, 34.303996751121
3.000000, 0.700000, 0.004000, 0.000408467248, 0.009550416815, -0.195988030968, 1.731540091704, 44.463310260479
3.000000, 0.700000, 0.005000, 0.000411096477, 0.008504987321, 0.045452957312, 1.617066198603, 45.267847775249
3.000000, 0.700000, 0.006000, 0.000396625748, 0.008435506514, -0.077199522339, 2.276825212685, 40.917089323772
3.000000, 0.700000, 0.007000, 0.000380994489, 0.008139549160, -0.085555226393, 1.875294162078, 43.523789817322
3.000000, 0.700000, 0.008000, 0.000362910367, 0.010418206512, 0.039752556377, 1.367572166666, 46.959923329108
3.000000, 0.700000, 0.009000, 0.000369103296, 0.010627411865, 0.073227284792, 0.987764543677, 49.604901469811
3.000000, 0.800000, 0.001000, 0.000364024538, 0.006700187191, -0.159489875199, 3.285324618271, 34.711092758773
3.000000, 0.800000, 0.002000, 0.000412000195, 0.006832663829, -0.097519523615, 2.513330961703, 39.415609370066
3.000000, 0.800000, 0.003000, 0.000389761715, 0.008440555226, 0.030523070187, 1.986418454542, 42.815006474703
3.000000, 0.800000, 0.004000, 0.000387235128, 0.008571129578, -0.013683634276, 3.072285473151, 35.999472401796
3.000000, 0.800000, 0.005000, 0.000402534010, 0.009187970863, -0.034506865796, 1.380073364610, 46.859753392311
3.000000, 0.800000, 0.006000, 0.000367237144, 0.008777479618, -0.062977712457, 1.792465448828, 44.075366724190
3.000000, 0.800000, 0.007000, 0.000373015082, 0.010232100082, -0.053007084290, 1.652951027924, 45.007831573486
3.000000, 0.800000, 0.008000, 0.000391221989, 0.010115122356, 0.098681167382, 1.522900903512, 45.915589815631
3.000000, 0.800000, 0.009000, 0.000373024843, 0.010244635590, -0.145063744025, 1.285319485177, 47.493800738597
3.000000, 0.900000, 0.001000, 0.000411062699, 0.006164270047, 0.113101564108, 2.919617845489, 36.948740779724
3.000000, 0.900000, 0.002000, 0.000411818433, 0.008374886391, 0.238038858023, 2.265938218550, 41.060917828015
3.000000, 0.900000, 0.003000, 0.000387742944, 0.008280827335, -0.121548220439, 2.655047303845, 38.527774917606
3.000000, 0.900000, 0.004000, 0.000362051798, 0.007950436623, -0.062253287806, 2.073416289790, 42.230574623316
3.000000, 0.900000, 0.005000, 0.000385586663, 0.009387228360, 0.043376626660, 1.359138932655, 47.018487124011
3.000000, 0.900000, 0.006000, 0.000371482461, 0.009333402056, 0.052437600964, 2.064652327815, 42.309620585793
3.000000, 0.900000, 0.007000, 0.000393777395, 0.008295765082, -0.146854998813, 1.881410228454, 43.475062289443
3.000000, 0.900000, 0.008000, 0.000410026640, 0.008496962750, 0.139620470040, 2.043206275375, 42.470349599115
3.000000, 0.900000, 0.009000, 0.000402969078, 0.010523670330, -0.025711665894, 1.221718080977, 47.951246435170
5.000000, 0.100000, 0.001000, 0.000372964600, 0.006065626212, -0.399352721000, 4.094978903439, 30.092439513864
5.000000, 0.100000, 0.002000, 0.000363335108, 0.007170011048, -0.042479586265, 1.671979095377, 44.882115758393
5.000000, 0.100000, 0.003000, 0.000370949348, 0.008050626740, -0.036478562258, 1.531669813538, 45.827760543315
5.000000, 0.100000, 0.004000, 0.000374630900, 0.008305774497, 0.023041687059, 1.005501635105, 49.469128594847
5.000000, 0.100000, 0.005000, 0.000403852148, 0.008992251892, -0.161562751577, 1.350764949876, 47.041968200267
5.000000, 0.100000, 0.006000, 0.000408308401, 0.008462749885, -0.218792441028, 1.433025469579, 46.473814156072
5.000000, 0.100000, 0.007000, 0.000415502582, 0.009276580348, -0.153610145367, 0.590621838254, 52.400227379393
5.000000, 0.100000, 0.008000, 0.000351922793, 0.008840284128, -0.042338265955, 0.283977860174, 54.659432258456
5.000000, 0.100000, 0.009000, 0.000363361678, 0.008866076848, 0.048564940758, 0.550413532523, 52.725788690103
5.000000, 0.200000, 0.001000, 0.000419374249, 0.009126761732, -0.092373257355, 1.229062197056, 47.889385917058
5.000000, 0.200000, 0.002000, 0.000392026364, 0.008922780595, -0.082031223081, 2.070335722815, 42.247442369666
5.000000, 0.200000, 0.003000, 0.000376984489, 0.009914493219, -0.030009671198, 0.942672298118, 49.901569601607
5.000000, 0.200000, 0.004000, 0.000404375506, 0.009435351277, -0.103826008979, 1.810735682633, 43.947924923212
5.000000, 0.200000, 0.005000, 0.000411751737, 0.010467574216, 0.065824268705, 1.093795017251, 48.859634281541
5.000000, 0.200000, 0.006000, 0.000404290400, 0.010502679396, 0.037248380919, 1.002185534666, 49.495427199345
5.000000, 0.200000, 0.007000, 0.000362107125, 0.009276558621, -0.018395095903, 1.676584916555, 44.855602944775
5.000000, 0.200000, 0.008000, 0.000378935051, 0.011834952094, 0.112567063793, 0.889501262454, 50.308518077812
5.000000, 0.200000, 0.009000, 0.000411808823, 0.010666936500, 0.028979033093, 0.688194173427, 51.726327793500
5.000000, 0.300000, 0.001000, 0.000353573731, 0.010450695791, -0.032509464467, 1.966677932080, 42.931935974561
5.000000, 0.300000, 0.002000, 0.000411777583, 0.011145180517, 0.006573045676, 1.857562761668, 43.656966651413
5.000000, 0.300000, 0.003000, 0.000413113160, 0.010945749123, 0.010904244116, 1.560976952907, 45.638581827478
5.000000, 0.300000, 0.004000, 0.000407340361, 0.011515490685, 0.048527137847, 0.988300776195, 49.595555289977
5.000000, 0.300000, 0.005000, 0.000399286433, 0.013393229642, -0.215282658259, 0.968181958582, 49.696800668951
5.000000, 0.300000, 0.006000, 0.000414596569, 0.011603827207, -0.211654686281, 1.812611626687, 43.922957068954
5.000000, 0.300000, 0.007000, 0.000396060628, 0.014229353453, -0.151258723951, 0.692532637609, 51.665487884770
5.000000, 0.300000, 0.008000, 0.000426278525, 0.012002188743, -0.134049799347, 1.223176242760, 47.924342231688
5.000000, 0.300000, 0.009000, 0.000372018273, 0.011753777896, -0.108346195854, 1.165657373223, 48.326746721049
5.000000, 0.400000, 0.001000, 0.000356764648, 0.009959407797, -0.071311220635, 2.190615226339, 41.471164687582
5.000000, 0.400000, 0.002000, 0.000381332774, 0.010091955590, -0.129761904099, 3.109370712882, 35.758929119440
5.000000, 0.400000, 0.003000, 0.000366300762, 0.011862974241, -0.026075767797, 1.541582087847, 45.762567545525
5.000000, 0.400000, 0.004000, 0.000372467789, 0.011589872857, -0.198016786115, 1.479744244966, 46.157779605888
5.000000, 0.400000, 0.005000, 0.000380373890, 0.012614537716, -0.182497819124, 1.244394313648, 47.771974341383
5.000000, 0.400000, 0.006000, 0.000415286617, 0.012922135831, -0.061872406355, 1.104901189814, 48.757033490340
5.000000, 0.400000, 0.007000, 0.000417533496, 0.012661163262, 0.039041386541, 1.255256285567, 47.732214774265
5.000000, 0.400000, 0.008000, 0.000359269435, 0.012033364051, 0.026667553390, 1.406780300569, 46.688985793434
5.000000, 0.400000, 0.009000, 0.000350217105, 0.012734390417, 0.165535895792, 1.410188950088, 46.699474624386
5.000000, 0.500000, 0.001000, 0.000363386428, 0.010313045207, -0.129235418991, 4.228834459406, 29.379629330411
5.000000, 0.500000, 0.002000, 0.000413873867, 0.012137065192, -0.049496273949, 2.009395562787, 42.649632995753
5.000000, 0.500000, 0.003000, 0.000378327159, 0.011550472876, -0.184053168012, 2.282597874908, 40.866310538186
5.000000, 0.500000, 0.004000, 0.000412479549, 0.011160538356, -0.106638797611, 2.099225505251, 42.056282718492
5.000000, 0.500000, 0.005000, 0.000397409456, 0.012631101320, -0.164182464946, 1.534836526581, 45.787818732377
5.000000, 0.500000, 0.006000, 0.000414797316, 0.013715007612, 0.076694544660, 1.529496110467, 45.865685102843
5.000000, 0.500000, 0.007000, 0.000396564386, 0.013624135515, 0.034266321273, 1.548458273442, 45.727976713075
5.000000, 0.500000, 0.008000, 0.000427872549, 0.014776739162, 0.017285069343, 1.105174368326, 48.769689114526
5.000000, 0.500000, 0.009000, 0.000366701425, 0.014234041752, -0.090097092647, 1.666425572349, 44.911597502606
5.000000, 0.600000, 0.001000, 0.000364146133, 0.012891805543, -0.044266071124, 2.114194408828, 41.969102833811
5.000000, 0.600000, 0.002000, 0.000410512144, 0.010848495252, 0.032142571626, 2.979536078262, 36.566990231062
5.000000, 0.600000, 0.003000, 0.000391986964, 0.012439552106, -0.137022928639, 1.771944564678, 44.200919526381
5.000000, 0.600000, 0.004000, 0.000404564938, 0.012449049486, -0.059927562734, 1.909871850536, 43.300094602185
5.000000, 0.600000, 0.005000, 0.000373557469, 0.013134444863, 0.003429713858, 1.900916856001, 43.370488779204
5.000000, 0.600000, 0.006000, 0.000382400860, 0.014854257142, -0.039856570683, 1.271207563301, 47.606750764647
5.000000, 0.600000, 0.007000, 0.000417104823, 0.013788951006, 0.035451141017, 2.479125566172, 39.654462845147
5.000000, 0.600000, 0.008000, 0.000397332616, 0.014593997877, -0.058220468794, 1.431022968615, 46.507669949644
5.000000, 0.600000, 0.009000, 0.000394943286, 0.013536872810, -0.035817847821, 1.709582381633, 44.631796374042
5.000000, 0.700000, 0.001000, 0.000360590319, 0.011112460979, -0.056001000843, 3.560534467306, 33.123516740740
5.000000, 0.700000, 0.002000, 0.000378877749, 0.011713274096, 0.150038496149, 3.166970087031, 35.471409654174
5.000000, 0.700000, 0.003000, 0.000376605154, 0.014169631021, -0.112646735339, 2.708959880626, 38.195152016461
5.000000, 0.700000, 0.004000, 0.000408303361, 0.012874640302, 0.122285781100, 2.333919496955, 40.593965806860
5.000000, 0.700000, 0.005000, 0.000411135696, 0.013545792522, -0.000041810804, 1.861926521515, 43.626849868745
5.000000, 0.700000, 0.006000, 0.000400138796, 0.014303519250, -0.030537614070, 3.502020583237, 33.465413108868
5.000000, 0.700000, 0.007000, 0.000362811494, 0.014715130175, -0.135431230567, 1.596528763345, 45.374834417147
5.000000, 0.700000, 0.008000, 0.000384648282, 0.015512061243, -0.130891073822, 1.472058101807, 46.217587103628
5.000000, 0.700000, 0.009000, 0.000355337164, 0.014625826049, -0.101664506982, 1.432105089785, 46.493553260769
5.000000, 0.800000, 0.001000, 0.000414853274, 0.011594930358, -0.141404721503, 3.149663946898, 35.516959985961
5.000000, 0.800000, 0.002000, 0.000414650201, 0.013570704760, -0.033561633150, 2.910601348973, 36.971980468567
5.000000, 0.800000, 0.003000, 0.000371116468, 0.013320803316, -0.069068350934, 2.022620156609, 42.560102323191
5.000000, 0.800000, 0.004000, 0.000409751208, 0.013238726404, 0.066285320391, 2.100892912638, 42.077465628234
5.000000, 0.800000, 0.005000, 0.000381090427, 0.014116530681, -0.106180388318, 1.780441609937, 44.148599007298
5.000000, 0.800000, 0.006000, 0.000406252340, 0.016570537308, -0.088386554408, 1.277256766157, 47.557125563845
5.000000, 0.800000, 0.007000, 0.000376989421, 0.015392119351, 0.028832736623, 1.812326226352, 43.960778069955
5.000000, 0.800000, 0.008000, 0.000401877841, 0.014654069051, -0.070740876179, 1.651352007398, 45.015644676056
5.000000, 0.800000, 0.009000, 0.000357777753, 0.013861851294, -0.111250738825, 1.999186549514, 42.706741672193
5.000000, 0.900000, 0.001000, 0.000355023142, 0.013152593150, -0.216167646313, 2.913523794133, 36.929993990266
5.000000, 0.900000, 0.002000, 0.000374279027, 0.013706097953, -0.034007686090, 1.626351336193, 45.189696180575
5.000000, 0.900000, 0.003000, 0.000369821561, 0.012628207191, -0.127603061330, 2.615032995631, 38.775679962948
5.000000, 0.900000, 0.004000, 0.000390087975, 0.013692627234, -0.086151861327, 1.635338242194, 45.120717608100
5.000000, 0.900000, 0.005000, 0.000418888514, 0.014432244769, -0.047428847766, 1.504496705446, 46.009922877972
5.000000, 0.900000, 0.006000, 0.000394667780, 0.013033356302, 0.119832410793, 1.933054179141, 43.185494474392
5.000000, 0.900000, 0.007000, 0.000425354143, 0.016984294766, -0.125636121466, 1.508021355023, 45.974154990889
5.000000, 0.900000, 0.008000, 0.000420152168, 0.014659920059, 0.104036420334, 1.609250949064, 45.334033552931
5.000000, 0.900000, 0.009000, 0.000419740285, 0.015283261871, 0.005299752198, 1.316387593625, 47.304050493267
10.000000, 0.100000, 0.001000, 0.000344199953, 0.009159307638, -0.041316690370, 3.833025496556, 31.576982313163
10.000000, 0.100000, 0.002000, 0.000373075517, 0.014440842853, -0.069051074654, 1.963113621745, 42.949082814864
10.000000, 0.100000, 0.003000, 0.000364128907, 0.012913537508, -0.230791692422, 1.501479322773, 46.007364263293
10.000000, 0.100000, 0.004000, 0.000473137775, 0.030048537824, 0.212049348210, 65.992856149900, 648.469579657218
10.000000, 0.100000, 0.005000, 0.000417697080, 0.016833107437, -0.225258465714, 3.548663152264, 33.170728922708
10.000000, 0.100000, 0.006000, 0.000285196445, 0.105441818609, -0.115375465959, 30.186331705156, 57.174964722842
10.000000, 0.100000, 0.007000, 0.000306466638, 0.075051548564, -0.131631201585, 35.755925333870, 107.032959102830
10.000000, 0.100000, 0.008000, 0.000413294667, 0.016981073875, -0.047134752494, 0.914043489385, 50.100937754326
10.000000, 0.100000, 0.009000, 0.000352592065, 0.017791980072, -0.056977994091, 0.444242518319, 53.478822889562
10.000000, 0.200000, 0.001000, 0.000349486045, 0.019445761479, -0.028105244991, 1.084502022217, 48.905377989395
10.000000, 0.200000, 0.002000, 0.000322810144, 0.075211647340, -0.091162681222, 30.173270370310, 57.078562444827
10.000000, 0.200000, 0.003000, 0.000428767752, 0.020388317957, -0.037924097183, 3.416752586852, 33.958961453477
10.000000, 0.200000, 0.004000, 0.000121973782, 0.171393165389, -0.498523902141, 17.370894115002, 1.337038263794
10.000000, 0.200000, 0.005000, 0.000402314519, 0.018583669831, -0.147314664746, 1.452927965301, 46.345653158716
10.000000, 0.200000, 0.006000, 0.000384411410, 0.017273347724, -0.025336798621, 1.902972817306, 43.351506599100
10.000000, 0.200000, 0.007000, 0.000274791304, 0.108423987244, -0.085018725036, 19.647353189328, 5.272118336183
10.000000, 0.200000, 0.008000, 0.000326940948, 0.019759807184, -0.116975331966, 1.669507367298, 44.887111620204
10.000000, 0.200000, 0.009000, 0.000355685279, 0.018156614644, -0.206553323147, 1.074113450981, 48.953679376046
10.000000, 0.300000, 0.001000, 0.000370688912, 0.018707828178, -0.033043511152, 2.920862917484, 36.909740111027
10.000000, 0.300000, 0.002000, 0.000277657922, 0.125703729448, -0.053900836781, 16.540119909648, 0.574517390601
10.000000, 0.300000, 0.003000, 0.000458280168, 0.176158222185, -0.109835997683, 10.844180061282, 4.482888257334
10.000000, 0.300000, 0.004000, 0.000363889682, 0.019952758581, -0.172966345118, 1.969903028160, 42.890638834745
10.000000, 0.300000, 0.005000, 0.000395974021, 0.021961351989, -0.057201144046, 2.157101487615, 41.689521135524
10.000000, 0.300000, 0.006000, 0.000424075662, 0.025956460675, -0.232399111786, 2.513767205281, 39.397717072057
10.000000, 0.300000, 0.007000, 0.000368200272, 0.023173615381, -0.199197746882, 1.369420462110, 46.910196417386
10.000000, 0.300000, 0.008000, 0.000387527855, 0.038582356314, -0.037308702325, 17.096116379266, 1.061352869443
10.000000, 0.300000, 0.009000, 0.000421326376, 0.236323590363, -0.278032575222, 8.282761258920, 11.519717627634
10.000000, 0.400000, 0.001000, 0.000345698170, 0.023489157148, -0.090551402869, 10.644165405292, 4.911270419516
10.000000, 0.400000, 0.002000, 0.000327071061, 0.208982345544, -0.398395881212, 11.975008639123, 2.398659935070
10.000000, 0.400000, 0.003000, 0.000287993642, 0.123624207872, -0.056913045442, 12.063934372375, 2.284384183373
10.000000, 0.400000, 0.004000, 0.000424639945, 0.202051426227, -0.549070659366, 15.011519979718, 0.016031582710
10.000000, 0.400000, 0.005000, 0.000324652795, 0.197402454493, -0.455657888826, 14.325883486356, 0.146657992152
10.000000, 0.400000, 0.006000, 0.000457602941, 0.145813108323, -0.471463308695, 25.182682966499, 25.591446433153
10.000000, 0.400000, 0.007000, 0.000338302273, 0.022722424641, -0.067417710875, 2.313366256347, 40.685328978290
10.000000, 0.400000, 0.008000, 0.000346586623, 0.024823591418, -0.182888002439, 1.326759796620, 47.204443681176
10.000000, 0.400000, 0.009000, 0.000372775274, 0.024849620227, -0.154760713442, 2.494953943830, 39.523508201864
10.000000, 0.500000, 0.001000, 0.000356182504, 0.035710043844, -0.218410170418, 37.227511625398, 122.787465678941
10.000000, 0.500000, 0.002000, 0.000395633688, 0.221024114837, -0.434761810932, 10.466319234033, 5.301284516665
10.000000, 0.500000, 0.003000, 0.000375037978, 0.021708976125, -0.230684756998, 2.666644556808, 38.444174013985
10.000000, 0.500000, 0.004000, 0.000453818844, 0.148252947672, -0.370923353009, 22.149029501171, 12.545998174846
10.000000, 0.500000, 0.005000, 0.000361445821, 0.025978729606, -0.165623903218, 3.615742300276, 32.791405106790
10.000000, 0.500000, 0.006000, 0.000373053682, 0.029074025393, -0.198897207270, 3.017634885822, 36.301730081188
10.000000, 0.500000, 0.007000, 0.000340628960, 0.033694827239, -0.081357020739, 8.881237234005, 9.587672184550
10.000000, 0.500000, 0.008000, 0.000353275076, 0.025163241564, -0.003954378642, 1.096412683815, 48.826693324171
10.000000, 0.500000, 0.009000, 0.000449155499, 0.099307912249, -0.061903059869, 18.459699843441, 2.907634890178
10.000000, 0.600000, 0.001000, 0.000355479763, 0.021474268821, -0.086404148949, 3.449934178018, 33.758014461418
10.000000, 0.600000, 0.002000, 0.000359359396, 0.021616012518, -0.066834190276, 2.450720836679, 39.814298388203
10.000000, 0.600000, 0.003000, 0.000396517657, 0.092740495621, -0.064039366458, 12.969321582474, 1.127518530716
10.000000, 0.600000, 0.004000, 0.000471845571, 0.144620560830, -0.166319609120, 17.061299452299, 1.011905086930
10.000000, 0.600000, 0.005000, 0.000421742646, 0.026735780609, -0.197260646843, 8.139773030211, 12.003510389999
10.000000, 0.600000, 0.006000, 0.000268984575, 0.155703939175, -0.769356607770, 26.750342205225, 34.170336621428
10.000000, 0.600000, 0.007000, 0.000400558414, 0.198381717126, -0.282880306592, 11.294682840713, 3.567759489896
10.000000, 0.600000, 0.008000, 0.000356527753, 0.038149414080, -0.269709126834, 41.696044730943, 177.289773716800
10.000000, 0.600000, 0.009000, 0.000339707955, 0.053011170663, -0.244339604798, 38.708754433027, 139.747277503923
10.000000, 0.700000, 0.001000, 0.000342393034, 0.021550864569, -0.207953295267, 3.726528761262, 32.155860854837
10.000000, 0.700000, 0.002000, 0.000357971288, 0.059445624588, -0.154813767207, 39.239248522678, 146.097401123981
10.000000, 0.700000, 0.003000, 0.000359099676, 0.025339990707, -0.162170244345, 1.934919476856, 43.121252665752
10.000000, 0.700000, 0.004000, 0.000460060177, 0.165765520126, -0.301770413024, 16.790297159116, 0.750870880286
10.000000, 0.700000, 0.005000, 0.000385153853, 0.023699524648, -0.279830705429, 3.209753071588, 35.147433672354
10.000000, 0.700000, 0.006000, 0.000387048390, 0.076997206856, -0.081702594632, 20.058994712730, 6.256608877822
10.000000, 0.700000, 0.007000, 0.000348067643, 0.028572448667, -0.165807068909, 1.351936063329, 47.033517047807
10.000000, 0.700000, 0.008000, 0.000383954683, 0.054724760258, -0.095446526164, 27.345611388435, 37.717607342710
10.000000, 0.700000, 0.009000, 0.000339524669, 0.026766591844, -0.176149964743, 1.575950878484, 45.508806346523
10.000000, 0.800000, 0.001000, 0.000299065955, 0.130848121570, -0.035833061476, 12.976096882142, 1.127114915072
10.000000, 0.800000, 0.002000, 0.000237161025, 0.134285366522, -0.165374196837, 17.236393916077, 1.193677886118
10.000000, 0.800000, 0.003000, 0.000343545959, 0.032261665461, -0.180800828553, 25.722293299872, 28.398669221483
10.000000, 0.800000, 0.004000, 0.000289928198, 0.075994380449, -0.194927772762, 46.078871101022, 240.455609445541
10.000000, 0.800000, 0.005000, 0.000433197342, 0.177290667431, -0.139529529577, 11.242290617001, 3.678229108708
10.000000, 0.800000, 0.006000, 0.000422277306, 0.165004287215, -0.755431140584, 23.796767235628, 19.094469005274
10.000000, 0.800000, 0.007000, 0.000342922713, 0.098065430344, -0.089961940505, 29.235669850055, 50.217204855054
10.000000, 0.800000, 0.008000, 0.000400384351, 0.029477951927, -0.098232156376, 1.457730092721, 46.319597675587
10.000000, 0.800000, 0.009000, 0.000341448744, 0.031460618919, -0.167111557298, 3.105979832929, 35.774776521386
10.000000, 0.900000, 0.001000, 0.000297365469, 0.127008077655, -0.049063027679, 11.723929260827, 2.825207173880
10.000000, 0.900000, 0.002000, 0.000372627186, 0.060506110806, -0.034002091186, 12.091025661231, 2.245340542605
10.000000, 0.900000, 0.003000, 0.000472730035, 0.073541764089, -0.034546639458, 15.248586991761, 0.040859438046
10.000000, 0.900000, 0.004000, 0.000413711665, 0.026889399782, -0.127959503615, 2.240215579430, 41.144279880077
10.000000, 0.900000, 0.005000, 0.000213911197, 0.130145229890, -0.245997379129, 20.611552784758, 7.696141896482
10.000000, 0.900000, 0.006000, 0.000400338095, 0.213008661711, -0.708438532634, 15.682798100019, 0.130379283622
10.000000, 0.900000, 0.007000, 0.000412921708, 0.137321204705, -0.154088898318, 16.131450164849, 0.301468249461
10.000000, 0.900000, 0.008000, 0.000370161898, 0.031117222844, -0.061150403953, 3.407604983729, 34.008379326686
10.000000, 0.900000, 0.009000, 0.000260149669, 0.120410024276, -0.483262070471, 30.796306585095, 61.863438396055
15.000000, 0.100000, 0.001000, 0.000333932231, 0.015350900547, -0.238803089925, 4.155621366717, 29.766396091629
15.000000, 0.100000, 0.002000, 0.000449492498, 0.191655843978, -1.244471796262, 27.069144667628, 36.207597491794
15.000000, 0.100000, 0.003000, 0.000285699949, 0.191802322362, -1.073474071812, 23.559758590320, 18.159501033139
15.000000, 0.100000, 0.004000, 0.000379384709, 0.025728890023, -0.434779265592, 26.767079580649, 34.227668470519
15.000000, 0.100000, 0.005000, 0.000365577366, 0.023651731193, -0.054559655453, 0.452798501515, 53.416716357812
15.000000, 0.100000, 0.006000, 0.000452109218, 0.093912760776, -0.041539003422, 13.436771392361, 0.695875788579
15.000000, 0.100000, 0.007000, 0.000377422764, 0.025329393947, -0.033802020755, 0.736919497279, 51.364499173929
15.000000, 0.100000, 0.008000, 0.000290692125, 0.236135808354, -0.874220179771, 14.666520383163, 0.111012483791
15.000000, 0.100000, 0.009000, 0.000330095206, 0.024504854471, -0.165899746296, 0.805907316212, 50.852230476894
15.000000, 0.200000, 0.001000, 0.000347733384, 0.049805360860, -0.166622015179, 14.907321340405, 0.019160748618
15.000000, 0.200000, 0.002000, -0.000011269396, 0.266566855649, -0.790324422829, 10.500520086651, 5.267707683156
15.000000, 0.200000, 0.003000, 0.000336759194, 0.102627715461, -0.059887584653, 22.068409254015, 12.286727264067
15.000000, 0.200000, 0.004000, 0.000421058242, 0.069960213623, -0.078027356165, 13.700180086720, 0.491748817783
15.000000, 0.200000, 0.005000, 0.000034681964, 0.281631137444, -3.098178839640, 43.993421896885, 211.046138381746
15.000000, 0.200000, 0.006000, 0.000452482885, 0.134913569087, -0.199516475889, 18.948878588342, 3.781456695291
15.000000, 0.200000, 0.007000, 0.000472676372, 0.156578713194, -0.719852946410, 26.237027091237, 31.228699723249
15.000000, 0.200000, 0.008000, 0.000286553903, 0.205588598292, -0.106223563126, 7.252072621945, 15.294963417802
15.000000, 0.200000, 0.009000, 0.000376819445, 0.029989084225, -0.061435385101, 1.365429622547, 46.955480373319
15.000000, 0.300000, 0.001000, 0.000426587959, 0.269633268865, -0.378676349606, 6.225704847426, 19.555527783191
15.000000, 0.300000, 0.002000, 0.000323722324, 0.057940194205, -0.234324923697, 23.104111922886, 16.158240139941
15.000000, 0.300000, 0.003000, 0.000376773749, 0.038000523380, -0.123318512246, 4.698914580023, 26.888578009414
15.000000, 0.300000, 0.004000, 0.000447727666, 0.310029352034, -1.271414990794, 13.617194661081, 0.741215915223
15.000000, 0.300000, 0.005000, 0.000275848870, 0.137626032743, -0.555919391082, 24.071770514510, 20.285449801735
15.000000, 0.300000, 0.006000, 0.000307983278, 0.203247218524, -1.213424232351, 21.666215586609, 11.068268306475
15.000000, 0.300000, 0.007000, 0.000320606509, 0.209225567683, -0.561932245944, 13.826911661995, 0.401050749781
15.000000, 0.300000, 0.008000, 0.000449397770, 0.174997172900, -0.403371985339, 16.031770530965, 0.239674721408
15.000000, 0.300000, 0.009000, 0.000433898852, 0.107422208889, -0.476526879163, 38.898911892599, 142.002596185042
15.000000, 0.400000, 0.001000, 0.000279633317, 0.180555902995, -0.103865871222, 7.859848809234, 13.010741689701
15.000000, 0.400000, 0.002000, 0.000350349306, 0.270627083392, -0.489437546324, 7.352364689647, 14.895259721550
15.000000, 0.400000, 0.003000, 0.000312044921, 0.230744481734, -0.744027184147, 14.072592230304, 0.290051397072
15.000000, 0.400000, 0.004000, -0.000015585483, 0.198782752818, -0.525971991318, 12.874086932867, 1.214710164037
15.000000, 0.400000, 0.005000, 0.000277567230, 0.147961766944, -0.161946755915, 17.477040747330, 1.470537154859
15.000000, 0.400000, 0.006000, 0.000281051707, 0.064128578629, -0.329689145284, 29.908610558946, 55.075211016136
15.000000, 0.400000, 0.007000, 0.000412246216, 0.134391706750, -0.134008770131, 17.484521064046, 1.482079063241
15.000000, 0.400000, 0.008000, 0.000412899773, 0.125163015206, -0.045499086582, 13.199779687203, 0.903836123681
15.000000, 0.400000, 0.009000, 0.000330523943, 0.060913350102, -0.164180251016, 17.919785841664, 2.048966956087
15.000000, 0.500000, 0.001000, 0.000352834990, 0.059505210304, -0.054374713888, 14.483924943221, 0.113531936716
15.000000, 0.500000, 0.002000, 0.000346788018, 0.067235719424, -0.129694258783, 17.062657735754, 1.014085003462
15.000000, 0.500000, 0.003000, 0.000286970882, 0.129555896318, -0.455714057267, 31.496025635657, 67.488558603580
15.000000, 0.500000, 0.004000, 0.000478714337, 0.296781049529, -1.350055472057, 16.339284941283, 0.655647063548
15.000000, 0.500000, 0.005000, 0.000358770656, 0.052589479146, -0.194030114258, 39.497117483985, 149.226373387015
15.000000, 0.500000, 0.006000, 0.000460387832, 0.069578780238, -0.374584339615, 63.200043338557, 579.215464074036
15.000000, 0.500000, 0.007000, 0.000464857569, 0.238732255572, -0.587451702752, 11.581784276455, 3.057951712649
15.000000, 0.500000, 0.008000, 0.000260462002, 0.219600110623, -0.494635547565, 10.890740494778, 4.372237770498
15.000000, 0.500000, 0.009000, 0.000398563539, 0.044899563547, -0.248589504954, 9.699621419158, 7.205552888982
15.000000, 0.600000, 0.001000, 0.000340134437, 0.203067123988, -0.104704762758, 7.044625758672, 16.116213764925
15.000000, 0.600000, 0.002000, 0.000346460823, 0.038306268126, -0.040167845130, 2.786503844982, 37.729073456417
15.000000, 0.600000, 0.003000, 0.000358640749, 0.074901875121, -0.093543872766, 12.494153881739, 1.676940868201
15.000000, 0.600000, 0.004000, 0.000482649241, 0.144512104791, -0.511468922920, 24.297949116413, 21.313915861168
15.000000, 0.600000, 0.005000, 0.000442735938, 0.185174511558, -0.879581198133, 21.525615215792, 10.498042944839
15.000000, 0.600000, 0.006000, 0.000392781827, 0.084901063591, -0.143630753491, 23.883525282587, 19.452422785338
15.000000, 0.600000, 0.007000, 0.000323556495, 0.119709004590, -0.082068932179, 6.914204482887, 16.640722338581
15.000000, 0.600000, 0.008000, 0.000333551351, 0.148944683620, -0.287032228779, 16.308389067403, 0.393011450595
15.000000, 0.600000, 0.009000, 0.000341975935, 0.182298951191, -0.310433998634, 12.233767994814, 2.014582357249
15.000000, 0.700000, 0.001000, 0.000329765857, 0.134257951049, -0.033801392735, 7.503707123668, 14.333614099489
15.000000, 0.700000, 0.002000, 0.000427382340, 0.255619567517, -0.645101946362, 9.804214480122, 6.953362097554
15.000000, 0.700000, 0.003000, 0.000325723353, 0.090504200204, -0.105581806789, 18.235955264924, 2.533466402090
15.000000, 0.700000, 0.004000, 0.000165952254, 0.195684871845, -0.213237077289, 9.267696457887, 8.422125533780
15.000000, 0.700000, 0.005000, 0.000460261719, 0.248287754464, -1.134288814466, 15.992494176504, 0.366765845373
15.000000, 0.700000, 0.006000, 0.000340543535, 0.151749716406, -0.347188479064, 18.353470771218, 2.706694599584
15.000000, 0.700000, 0.007000, 0.000501663144, 0.073792954221, -0.031301647703, 24.461858853336, 22.102324747541
15.000000, 0.700000, 0.008000, 0.000413809115, 0.198038723122, -0.297139488498, 10.236362769535, 5.842806578612
15.000000, 0.700000, 0.009000, 0.000335476139, 0.041030494395, -0.303449820483, 1.794907649158, 44.034470109738
15.000000, 0.800000, 0.001000, 0.000338950275, 0.034707591489, -0.248508044505, 6.238395696086, 19.488063814399
15.000000, 0.800000, 0.002000, 0.000335266212, 0.078315276959, -0.089000677063, 13.186597526455, 0.907069607051
15.000000, 0.800000, 0.003000, 0.000454961432, 0.212324389256, -0.223953593748, 6.977577548112, 16.373692013768
15.000000, 0.800000, 0.004000, 0.000411103063, 0.217353588001, -0.433937205123, 10.811937682170, 4.535833118150
15.000000, 0.800000, 0.005000, 0.000173438484, 0.191013437080, -0.777251304727, 19.208291121673, 4.334455054968
15.000000, 0.800000, 0.006000, 0.000424815679, 0.223242622019, -1.344904571038, 21.827213139249, 11.666480713406
15.000000, 0.800000, 0.007000, 0.000381135431, 0.077606528452, -0.108561797426, 21.304535996497, 9.749820091440
15.000000, 0.800000, 0.008000, 0.000360805422, 0.216521496637, -0.478111855343, 11.211154401672, 3.727841438923
15.000000, 0.800000, 0.009000, 0.000465834157, 0.129078737118, -0.378957387225, 21.553465782194, 10.524290560064
15.000000, 0.900000, 0.001000, 0.000343150547, 0.126592982689, -0.065320528546, 6.481619150855, 18.453771809610
15.000000, 0.900000, 0.002000, 0.000489547418, 0.126297586916, -0.119709661212, 19.182963104291, 4.258275755528
15.000000, 0.900000, 0.003000, 0.000406254391, 0.206276743931, -0.267978828123, 9.327351262443, 8.246961285113
15.000000, 0.900000, 0.004000, 0.000327088992, 0.074209108696, -0.266039263183, 22.268263343193, 12.971913709465
15.000000, 0.900000, 0.005000, 0.000161582770, 0.259098396158, -1.013390315957, 14.120449211816, 0.335932374900
15.000000, 0.900000, 0.006000, 0.000478653409, 0.105422947244, -0.086603628012, 17.605073493284, 1.636554360181
15.000000, 0.900000, 0.007000, 0.000446090857, 0.201976955767, -0.333379852455, 10.483603968679, 5.260021334380
15.000000, 0.900000, 0.008000, 0.000331198892, 0.045812852297, -0.236044893750, 5.727392868387, 21.809959203517
15.000000, 0.900000, 0.009000, 0.000369165581, 0.174244247363, -0.258875444334, 12.557693595805, 1.584105180497
20.000000, 0.100000, 0.001000, 0.000357414274, 0.023630404792, -0.257471051096, 14.164800096523, 0.207605160312
20.000000, 0.100000, 0.002000, 0.000289921408, 0.029812738236, -0.228458906486, 8.247879031790, 11.629290861836
20.000000, 0.100000, 0.003000, 0.000255103832, 0.202708949484, -1.234003589792, 25.109269174179, 25.402399655113
20.000000, 0.100000, 0.004000, 0.000450446103, 0.150533929531, -0.700014377783, 27.586162013553, 39.215560352530
20.000000, 0.100000, 0.005000, 0.000385426080, 0.269457026154, -0.556407849224, 8.391935807510, 11.160144110298
20.000000, 0.100000, 0.006000, 0.000315510820, 0.172462107610, -1.249916922056, 31.246100289223, 65.637743117813
20.000000, 0.100000, 0.007000, 0.000443262224, 0.204252920508, -1.965249209329, 34.458707165555, 94.645850175694
20.000000, 0.100000, 0.008000, 0.000476314918, 0.144510989103, -0.712521524794, 28.573012862263, 45.638223208204
20.000000, 0.100000, 0.009000, 0.000435541238, 0.069443053420, -0.084299935011, 16.489050835249, 0.530265104801
20.000000, 0.200000, 0.001000, 0.000326822449, 0.034059966566, -0.186410960907, 14.768200459222, 0.032712043666
20.000000, 0.200000, 0.002000, 0.000343027566, 0.040070667651, -0.220591472893, 23.907629446120, 19.549708620548
20.000000, 0.200000, 0.003000, 0.000405439559, 0.207198294828, -0.156654961521, 7.758478855332, 13.374122480050
20.000000, 0.200000, 0.004000, 0.000343858459, 0.037646619312, -0.255476525633, 2.114582911531, 41.941363200383
20.000000, 0.200000, 0.005000, nan, nan, nan, nan, nan
20.000000, 0.200000, 0.006000, 0.000335470139, 0.112413530491, -0.049406786084, 13.986132497105, 0.323210088270
20.000000, 0.200000, 0.007000, 0.000347088094, 0.161390876214, -0.212608154912, 15.247331059656, 0.021613156040
20.000000, 0.200000, 0.008000, 0.000314323958, 0.052667343190, -0.124816649232, 9.994785045761, 6.448045288473
20.000000, 0.200000, 0.009000, 0.000361081984, 0.059476222003, -0.121582130688, 10.593526476155, 5.019988313387
20.000000, 0.300000, 0.001000, 0.000329127219, 0.168479881951, 0.246532625699, 3.326316650726, 34.564166325481
20.000000, 0.300000, 0.002000, 0.000369545509, 0.147701889800, 0.073724557638, 4.284599324591, 29.119574627947
20.000000, 0.300000, 0.003000, 0.000272479913, 0.164821548999, -0.050009333043, 7.402143075327, 14.719506034940
20.000000, 0.300000, 0.004000, 0.000407333242, 0.281543239036, -0.530729851307, 7.127200620451, 15.780296780888
20.000000, 0.300000, 0.005000, nan, nan, nan, nan, nan
20.000000, 0.300000, 0.006000, 0.000123832459, 0.258530804820, -1.541897578240, 21.515312825595, 10.744197863526
20.000000, 0.300000, 0.007000, 0.000359492476, 0.142627570071, -0.061945551235, 7.802234173293, 13.222785447837
20.000000, 0.300000, 0.008000, 0.000321213126, 0.072474805124, -0.218831638498, 13.665135107607, 0.499045710990
20.000000, 0.300000, 0.009000, 0.000235019370, 0.230328732881, -0.652051865462, 11.920565557595, 2.502884474794
20.000000, 0.400000, 0.001000, 0.000326739554, 0.243626259205, -0.577622920956, 10.329878293553, 5.630518733869
20.000000, 0.400000, 0.002000, 0.000394636887, 0.190221145143, -0.468017091135, 12.679216371774, 1.433928360445
20.000000, 0.400000, 0.003000, 0.000397949161, 0.085358123058, -0.111086825366, 11.424271790042, 3.336870901818
20.000000, 0.400000, 0.004000, 0.000081853635, 0.267738382340, -0.741024240006, 9.592297210337, 7.538186195770
20.000000, 0.400000, 0.005000, 0.000428846733, 0.309312827398, -0.959955749070, 10.213084205945, 5.991560098033
20.000000, 0.400000, 0.006000, nan, nan, nan, nan, nan
20.000000, 0.400000, 0.007000, 0.000332870145, 0.149037020685, -0.061181100737, 6.754959647549, 17.301263447990
20.000000, 0.400000, 0.008000, 0.000446169923, 0.215023960500, -0.426752010649, 10.963940993754, 4.217890333180
20.000000, 0.400000, 0.009000, 0.000384170409, 0.211804324217, -0.777637431200, 15.290319584473, 0.059993265178
20.000000, 0.500000, 0.001000, 0.000482074472, 0.333954779573, -0.810928840443, 7.544663098501, 14.213779695426
20.000000, 0.500000, 0.002000, 0.000366708339, 0.153828160664, -1.098554710426, 31.026189000758, 63.810032796966
20.000000, 0.500000, 0.003000, 0.000449600303, 0.240780222483, -0.551783929783, 10.612183609683, 4.979304775081
20.000000, 0.500000, 0.004000, 0.000294988510, 0.187347568825, -0.393020139840, 14.077968241276, 0.251829488801
20.000000, 0.500000, 0.005000, 0.000400251187, 0.261337449795, -0.383815477569, 6.426836266722, 18.675509764499
20.000000, 0.500000, 0.006000, 0.000029494673, 0.298663759043, -1.029927552756, 11.287985755299, 3.691660957013
20.000000, 0.500000, 0.007000, nan, nan, nan, nan, nan
20.000000, 0.500000, 0.008000, 0.000281770565, 0.146918438472, -0.406214200611, 19.344972156856, 4.581357518991
20.000000, 0.500000, 0.009000, nan, nan, nan, nan, nan
20.000000, 0.600000, 0.001000, 0.000448251949, 0.213270048157, -1.235590325125, 20.977083407432, 8.923110083877
20.000000, 0.600000, 0.002000, 0.000470544120, 0.314900466686, -1.097045716481, 11.888074898465, 2.673011419447
20.000000, 0.600000, 0.003000, 0.000288983309, 0.144012725729, -0.671165320119, 21.377996626610, 9.983466753327
20.000000, 0.600000, 0.004000, 0.000474416398, 0.144509553020, -3.195199724868, 87.853374073363, 1326.461310580169
20.000000, 0.600000, 0.005000, 0.000341867352, 0.066892215804, -0.405300662735, 32.508628129032, 76.059597643976
20.000000, 0.600000, 0.006000, nan, nan, nan, nan, nan
20.000000, 0.600000, 0.007000, 0.000342020407, 0.224746834493, -0.387625833144, 9.203943743641, 8.603023351067
20.000000, 0.600000, 0.008000, 0.000337678488, 0.074913760514, -0.239105849662, 16.333748743202, 0.408292067596
20.000000, 0.600000, 0.009000, 0.000437648672, 0.303802877900, -1.267088621578, 14.249062265253, 0.380394607323
20.000000, 0.700000, 0.001000, 0.000346626648, 0.212113986429, -0.091175836944, 5.044641178004, 25.140658108394
20.000000, 0.700000, 0.002000, 0.000436243193, 0.159553748648, -1.019841099623, 30.058048365994, 56.292725725238
20.000000, 0.700000, 0.003000, 0.000430883874, 0.264508703597, -0.293355805791, 5.198008358278, 24.363945803381
20.000000, 0.700000, 0.004000, 0.000224731661, 0.257330844221, -1.536952380255, 21.745590748683, 11.497000061141
20.000000, 0.700000, 0.005000, 0.000395847956, 0.091704541560, -0.988797607977, 53.518281622848, 369.730088713007
20.000000, 0.700000, 0.006000, nan, nan, nan, nan, nan
20.000000, 0.700000, 0.007000, 0.000122356743, 0.115979629338, -1.819736372889, 53.121784828884, 362.568764548763
20.000000, 0.700000, 0.008000, 0.000385457433, 0.121033213388, -0.167558281036, 13.902238861343, 0.354084525408
20.000000, 0.700000, 0.009000, 0.000361438566, 0.151563183308, -0.350276524626, 14.663360433870, 0.045813303676
20.000000, 0.800000, 0.001000, 0.000453441475, 0.250440567119, -0.230406830629, 5.071552218258, 24.994212390184
20.000000, 0.800000, 0.002000, 0.000340387777, 0.231581781617, -0.148712473278, 4.753347420044, 26.615754537112
20.000000, 0.800000, 0.003000, 0.000256175676, 0.056083553181, -0.536854769361, 17.252070356497, 1.200259819205
20.000000, 0.800000, 0.004000, 0.000385210946, 0.067389087913, -0.312904715492, 17.077076673466, 1.013061389876
20.000000, 0.800000, 0.005000, 0.000286286705, 0.091804771211, -0.166648320906, 11.352835592447, 3.461495159696
20.000000, 0.800000, 0.006000, 0.000458794430, 0.308992911907, -2.605620748871, 34.457650854080, 95.255213162402
20.000000, 0.800000, 0.007000, 0.000467391824, 0.217632722310, -1.234917803609, 22.414059911564, 13.686330552640
20.000000, 0.800000, 0.008000, 0.000387312509, 0.134268158342, -0.079199922451, 6.640410339409, 17.776736268475
20.000000, 0.800000, 0.009000, 0.000397964186, 0.143681610057, -1.096872363703, 33.796067611661, 87.830297523386
20.000000, 0.900000, 0.001000, 0.000350806882, 0.064427613014, -0.046018423668, 6.565232704882, 18.097274101729
20.000000, 0.900000, 0.002000, 0.000388854532, 0.311745565115, -1.467238122972, 17.547685272388, 1.851703771472
20.000000, 0.900000, 0.003000, 0.000305459754, 0.206835366063, -0.239841082939, 8.825477110491, 9.752014477785
20.000000, 0.900000, 0.004000, 0.000182211676, 0.199615959414, -0.501373538998, 13.313511814970, 0.779888925414
20.000000, 0.900000, 0.005000, 0.000316247678, 0.148421715331, -0.193702855416, 11.619870336930, 2.983713739021
20.000000, 0.900000, 0.006000, 0.000452176683, 0.250410436274, -0.830749048672, 12.915287159029, 1.219358818222
20.000000, 0.900000, 0.007000, 0.000262773650, 0.213391596901, -0.222530301092, 6.194743850663, 19.693182539672
20.000000, 0.900000, 0.008000, 0.000348616088, 0.260317197919, -1.111486689574, 16.256489574343, 0.499546614452
20.000000, 0.900000, 0.009000, 0.000450069687, 0.237524593871, -0.697931306926, 11.516124084838, 3.187237308923
25.000000, 0.100000, 0.001000, 0.000320679172, 0.023330841192, -0.074497966064, 4.623947009036, 27.285569634218
25.000000, 0.100000, 0.002000, nan, nan, nan, nan, nan
25.000000, 0.100000, 0.003000, nan, nan, nan, nan, nan
25.000000, 0.100000, 0.004000, 0.000148584636, 0.136322823209, -0.518461789959, 23.277925712831, 16.865685696914
25.000000, 0.100000, 0.005000, 0.000392307416, 0.041234384592, -0.318842612940, 5.450789884260, 23.115930768607
25.000000, 0.100000, 0.006000, 0.000496201822, 0.215918755630, -2.323879267058, 46.188329320637, 243.090466690786
25.000000, 0.100000, 0.007000, 0.000473852656, 0.104677503544, -0.156093705552, 34.251917188693, 92.037909282464
25.000000, 0.100000, 0.008000, 0.000398838922, 0.254819967796, -0.229425398505, 5.281913495538, 23.954626852883
25.000000, 0.100000, 0.009000, 0.000323113276, 0.037622063821, -0.178516734057, 1.901146387655, 43.341600183435
25.000000, 0.200000, 0.001000, 0.000394014220, 0.207117788444, -0.052122676544, 5.213540707928, 24.307192266423
25.000000, 0.200000, 0.002000, -0.000122541125, 0.357231109230, -1.848854224372, 18.644898845050, 3.763219304223
25.000000, 0.200000, 0.003000, 0.000345085326, 0.089271718826, -0.195177762467, 24.518376133946, 22.346468835046
25.000000, 0.200000, 0.004000, 0.000270989339, 0.135697702818, -0.043829671478, 7.382757357071, 14.792943710767
25.000000, 0.200000, 0.005000, 0.000380723532, 0.135331652242, -0.077590731587, 9.780979302774, 7.011819951351
25.000000, 0.200000, 0.006000, nan, nan, nan, nan, nan
25.000000, 0.200000, 0.007000, nan, nan, nan, nan, nan
25.000000, 0.200000, 0.008000, -0.000199009394, 0.313287442757, -3.954078094772, 57.897324295323, 461.822310787345
25.000000, 0.200000, 0.009000, 0.000289691343, 0.225340099355, -2.937421853537, 43.300255459590, 200.922617434790
25.000000, 0.300000, 0.001000, nan, nan, nan, nan, nan
25.000000, 0.300000, 0.002000, 0.000381626902, 0.271577454319, -0.472422945557, 7.393025530530, 14.738196732892
25.000000, 0.300000, 0.003000, nan, nan, nan, nan, nan
25.000000, 0.300000, 0.004000, 0.000325723675, 0.048176867708, -0.231869904218, 9.385904096364, 8.073275077745
25.000000, 0.300000, 0.005000, 0.000371197264, 0.133669327012, -0.061192752314, 11.993661951350, 2.390984264608
25.000000, 0.300000, 0.006000, 0.000420032693, 0.269727457030, -0.547890589766, 8.055063110345, 12.312063573569
25.000000, 0.300000, 0.007000, 0.000409222611, 0.318793426593, -0.962841018926, 9.723442734559, 7.241915262671
25.000000, 0.300000, 0.008000, 0.000424848644, 0.131214988522, -0.067193387205, 10.612644269349, 4.988337244034
25.000000, 0.300000, 0.009000, nan, nan, nan, nan, nan
25.000000, 0.400000, 0.001000, 0.000313427353, 0.206123395933, -0.077150193663, 4.813307558012, 26.314766491702
25.000000, 0.400000, 0.002000, 0.000323809057, 0.059618282008, -0.144538640836, 12.556339193303, 1.590601559046
25.000000, 0.400000, 0.003000, nan, nan, nan, nan, nan
25.000000, 0.400000, 0.004000, 0.000490285615, 0.298733664148, -0.928317451309, 10.467837292752, 5.379296316220
25.000000, 0.400000, 0.005000, 0.000371502610, 0.079919071604, -0.220616965416, 20.848353494617, 8.366391849164
25.000000, 0.400000, 0.006000, 0.000320186654, 0.258010460679, -2.898114488773, 45.864152503038, 238.714567698389
25.000000, 0.400000, 0.007000, 0.000425793543, 0.074661401341, -0.302207713955, 20.285061394757, 6.811796402416
25.000000, 0.400000, 0.008000, 0.000466089638, 0.208658827976, -1.157180717783, 20.980639172966, 8.901558433564
25.000000, 0.400000, 0.009000, nan, nan, nan, nan, nan
25.000000, 0.500000, 0.001000, 0.000318737262, 0.185338705107, -0.047570493890, 3.963455777491, 30.855031205142
25.000000, 0.500000, 0.002000, 0.000419387595, 0.166169367292, -1.984073655433, 43.701801110032, 205.639147562173
25.000000, 0.500000, 0.003000, nan, nan, nan, nan, nan
25.000000, 0.500000, 0.004000, 0.000334059884, 0.127279297150, -0.082043464482, 6.579859651176, 18.031896151332
25.000000, 0.500000, 0.005000, nan, nan, nan, nan, nan
25.000000, 0.500000, 0.006000, 0.000405645368, 0.278237212513, -6.515671164011, 129.511013379350, 3283.796746429908
25.000000, 0.500000, 0.007000, nan, nan, nan, nan, nan
25.000000, 0.500000, 0.008000, nan, nan, nan, nan, nan
25.000000, 0.500000, 0.009000, 0.000285202324, 0.112248238389, -0.258803303334, 13.233767112434, 0.846332051485
25.000000, 0.600000, 0.001000, 0.000475322421, 0.315037316972, -0.576485315663, 6.443824556674, 18.618261368670
25.000000, 0.600000, 0.002000, 0.000328144248, 0.128266912456, -0.112611888099, 7.319188509979, 15.026997592829
25.000000, 0.600000, 0.003000, -0.000110910393, 0.213234638188, -10.201010494327, 300.596657373589, 20405.970948134403
25.000000, 0.600000, 0.004000, 0.000340234318, 0.125973808326, -0.170369397108, 10.527257674632, 5.165994608820
25.000000, 0.600000, 0.005000, -0.000624919947, 0.231035474929, -8.673137483200, 198.883260462953, 8464.333480843783
25.000000, 0.600000, 0.006000, 0.000277943365, 0.228250936048, -0.999866280879, 15.922154441758, 0.287673959925
25.000000, 0.600000, 0.007000, nan, nan, nan, nan, nan
25.000000, 0.600000, 0.008000, 0.000392512153, 0.109347380832, -0.802650611585, 32.494139295894, 75.977364498455
25.000000, 0.600000, 0.009000, 0.000329223029, 0.208714602700, -0.171998646332, 5.821024481076, 21.390243812324
25.000000, 0.700000, 0.001000, 0.000401904936, 0.200227507941, -0.102079286898, 6.592769692564, 17.979683809339
25.000000, 0.700000, 0.002000, nan, nan, nan, nan, nan
25.000000, 0.700000, 0.003000, 0.000251241091, 0.184091590174, -0.155283004887, 6.320405847572, 19.143763796432
25.000000, 0.700000, 0.004000, nan, nan, nan, nan, nan
25.000000, 0.700000, 0.005000, nan, nan, nan, nan, nan
25.000000, 0.700000, 0.006000, 0.000415330844, 0.174788092545, -0.107054786169, 7.002700554487, 16.281980982272
25.000000, 0.700000, 0.007000, 0.000341343417, 0.282632213087, -1.682956528810, 20.030438070154, 6.596725789469
25.000000, 0.700000, 0.008000, nan, nan, nan, nan, nan
25.000000, 0.700000, 0.009000, 0.000285677282, 0.187400589314, -0.193471977851, 6.947488656592, 16.496041070730
25.000000, 0.800000, 0.001000, -0.000069105878, 0.270788406900, -3.109842321556, 43.343170987458, 201.761294668358
25.000000, 0.800000, 0.002000, 0.000241687373, 0.196704585560, -1.965162102613, 34.471163066642, 94.765886346881
25.000000, 0.800000, 0.003000, 0.000326418775, 0.197795791037, -0.997632654897, 18.979959663850, 3.930021569979
25.000000, 0.800000, 0.004000, 0.000458084369, 0.188619159500, -0.573046438749, 13.958381771918, 0.322966924439
25.000000, 0.800000, 0.005000, 0.000245499796, 0.291628039824, -1.473122709935, 17.752758047047, 2.116920809724
25.000000, 0.800000, 0.006000, 0.000443405968, 0.099689671795, -0.283100909548, 21.963317662184, 11.897016751157
25.000000, 0.800000, 0.007000, nan, nan, nan, nan, nan
25.000000, 0.800000, 0.008000, 0.000431172268, 0.229781781179, -1.074459583450, 17.036120919561, 1.098902379251
25.000000, 0.800000, 0.009000, nan, nan, nan, nan, nan
25.000000, 0.900000, 0.001000, 0.000367130266, 0.235440020646, -0.590617727942, 9.961138675727, 6.538093108300
25.000000, 0.900000, 0.002000, 0.000319429002, 0.114360927310, -0.211110505936, 12.085889652512, 2.231301097577
25.000000, 0.900000, 0.003000, 0.000356699976, 0.198312944024, -1.753000328016, 32.144293686015, 73.387491149667
25.000000, 0.900000, 0.004000, nan, nan, nan, nan, nan
25.000000, 0.900000, 0.005000, 0.000425464712, 0.126651990934, -0.331761952246, 20.270313297102, 6.774574129918
25.000000, 0.900000, 0.006000, nan, nan, nan, nan, nan
25.000000, 0.900000, 0.007000, nan, nan, nan, nan, nan
25.000000, 0.900000, 0.008000, nan, nan, nan, nan, nan
25.000000, 0.900000, 0.009000, 0.000354609573, 0.170957393564, -0.343110255916, 9.569602745038, 7.560211187814
30.000000, 0.100000, 0.001000, 0.000323070876, 0.056077060803, -0.112856959533, 30.387293532198, 58.703002467934
30.000000, 0.100000, 0.002000, nan, nan, nan, nan, nan
30.000000, 0.100000, 0.003000, nan, nan, nan, nan, nan
30.000000, 0.100000, 0.004000, 0.000386506161, 0.066189153164, -0.231790111845, 13.333472973512, 0.757653743548
30.000000, 0.100000, 0.005000, 0.000369565502, 0.052536251982, -0.452182337832, 15.887622851806, 0.170006438240
30.000000, 0.100000, 0.006000, nan, nan, nan, nan, nan
30.000000, 0.100000, 0.007000, nan, nan, nan, nan, nan
30.000000, 0.100000, 0.008000, 0.000390831827, 0.052720759329, -0.167086909803, 9.899597736130, 6.686520587568
30.000000, 0.100000, 0.009000, 0.000336043026, 0.209807280686, -0.208777346583, 8.079484280168, 12.221808508944
30.000000, 0.200000, 0.001000, 0.000314613132, 0.154237473401, -0.323955180574, 16.272622614443, 0.369922413434
30.000000, 0.200000, 0.002000, 0.000362437634, 0.217198274890, -0.299953528129, 9.022676673446, 9.143811016858
30.000000, 0.200000, 0.003000, nan, nan, nan, nan, nan
30.000000, 0.200000, 0.004000, 0.000399410528, 0.155075095532, -0.226823138600, 11.366831231147, 3.433243225336
30.000000, 0.200000, 0.005000, 0.000419181114, 0.169779033781, -1.845503924888, 43.680466143099, 205.228442262079
30.000000, 0.200000, 0.006000, nan, nan, nan, nan, nan
30.000000, 0.200000, 0.007000, nan, nan, nan, nan, nan
30.000000, 0.200000, 0.008000, nan, nan, nan, nan, nan
30.000000, 0.200000, 0.009000, nan, nan, nan, nan, nan
30.000000, 0.300000, 0.001000, nan, nan, nan, nan, nan
30.000000, 0.300000, 0.002000, 0.000316939670, 0.208458254044, -0.048810254234, 4.832184246708, 26.222948439441
30.000000, 0.300000, 0.003000, nan, nan, nan, nan, nan
30.000000, 0.300000, 0.004000, nan, nan, nan, nan, nan
30.000000, 0.300000, 0.005000, 0.000469697786, 0.197020358408, -0.247548104606, 9.047243539790, 9.070814694202
30.000000, 0.300000, 0.006000, nan, nan, nan, nan, nan
30.000000, 0.300000, 0.007000, 0.000357265575, 0.222145545948, -0.477096612501, 9.486785721189, 7.795576363729
30.000000, 0.300000, 0.008000, nan, nan, nan, nan, nan
30.000000, 0.300000, 0.009000, nan, nan, nan, nan, nan
30.000000, 0.400000, 0.001000, 0.000305855290, 0.167685826353, -0.210885363319, 9.563419496765, 7.584442432434
30.000000, 0.400000, 0.002000, nan, nan, nan, nan, nan
30.000000, 0.400000, 0.003000, 0.000454862927, 0.241674133191, -0.376514348930, 7.034012196542, 16.142529638195
30.000000, 0.400000, 0.004000, 0.000421567923, 0.269902017674, -0.305222715940, 5.149973755766, 24.601679206031
30.000000, 0.400000, 0.005000, nan, nan, nan, nan, nan
30.000000, 0.400000, 0.006000, 0.000205667950, 0.159537123223, -0.215682755997, 9.376800844245, 8.105578445139
30.000000, 0.400000, 0.007000, 0.000382040561, 0.273894183970, -0.532760709675, 7.022874579407, 16.196274367264
30.000000, 0.400000, 0.008000, nan, nan, nan, nan, nan
30.000000, 0.400000, 0.009000, 0.000322298568, 0.218047003778, -4.658969649769, 92.656810315254, 1509.638414635883
30.000000, 0.500000, 0.001000, 0.000334940670, 0.098729669398, -0.246672453562, 10.682997721037, 4.810313738854
30.000000, 0.500000, 0.002000, nan, nan, nan, nan, nan
30.000000, 0.500000, 0.003000, 0.000380210465, 0.279909186076, -0.248599871442, 3.716015903114, 32.230046496462
30.000000, 0.500000, 0.004000, nan, nan, nan, nan, nan
30.000000, 0.500000, 0.005000, nan, nan, nan, nan, nan
30.000000, 0.500000, 0.006000, nan, nan, nan, nan, nan
30.000000, 0.500000, 0.007000, nan, nan, nan, nan, nan
30.000000, 0.500000, 0.008000, 0.000429832308, 0.244759245599, -1.075722606342, 15.062214798596, 0.130961403662
30.000000, 0.500000, 0.009000, 0.000292430796, 0.262189954383, -0.930753821178, 12.404741511730, 1.859579003096
30.000000, 0.600000, 0.001000, 0.000304919218, 0.223415581319, -0.388569308998, 7.554726587446, 14.117000575801
30.000000, 0.600000, 0.002000, 0.000373960004, 0.271625938588, -0.152595992307, 3.562969198079, 33.112474785263
30.000000, 0.600000, 0.003000, nan, nan, nan, nan, nan
30.000000, 0.600000, 0.004000, 0.000208276364, 0.156271117846, -1.659036146708, 34.128509392900, 91.249710868379
30.000000, 0.600000, 0.005000, nan, nan, nan, nan, nan
30.000000, 0.600000, 0.006000, nan, nan, nan, nan, nan
30.000000, 0.600000, 0.007000, nan, nan, nan, nan, nan
30.000000, 0.600000, 0.008000, nan, nan, nan, nan, nan
30.000000, 0.600000, 0.009000, nan, nan, nan, nan, nan
30.000000, 0.700000, 0.001000, nan, nan, nan, nan, nan
30.000000, 0.700000, 0.002000, nan, nan, nan, nan, nan
30.000000, 0.700000, 0.003000, 0.000421314394, 0.194455250896, -4.769629719355, 110.053007330275, 2260.422303549484
30.000000, 0.700000, 0.004000, nan, nan, nan, nan, nan
30.000000, 0.700000, 0.005000, nan, nan, nan, nan, nan
30.000000, 0.700000, 0.006000, nan, nan, nan, nan, nan
30.000000, 0.700000, 0.007000, nan, nan, nan, nan, nan
30.000000, 0.700000, 0.008000, nan, nan, nan, nan, nan
30.000000, 0.700000, 0.009000, 0.000359481789, 0.202585791208, -1.152788832178, 21.043515349284, 9.086217166446
30.000000, 0.800000, 0.001000, nan, nan, nan, nan, nan
30.000000, 0.800000, 0.002000, 0.000388918460, 0.256303824181, 0.054891572339, 3.652486032602, 32.633095232841
30.000000, 0.800000, 0.003000, 0.000286557377, 0.376476878939, -1.335343811261, 11.263289783623, 3.872121669768
30.000000, 0.800000, 0.004000, nan, nan, nan, nan, nan
30.000000, 0.800000, 0.005000, nan, nan, nan, nan, nan
30.000000, 0.800000, 0.006000, 0.000324062833, 0.223076515036, -0.673434835065, 11.806954690906, 2.686942999819
30.000000, 0.800000, 0.007000, nan, nan, nan, nan, nan
30.000000, 0.800000, 0.008000, nan, nan, nan, nan, nan
30.000000, 0.800000, 0.009000, nan, nan, nan, nan, nan
30.000000, 0.900000, 0.001000, nan, nan, nan, nan, nan
30.000000, 0.900000, 0.002000, 0.000284635455, 0.352429047145, -1.151820691888, 15.515847640403, 0.224410137737
30.000000, 0.900000, 0.003000, nan, nan, nan, nan, nan
30.000000, 0.900000, 0.004000, 0.000097566877, 0.256513795186, -1.981534908025, 31.715508154400, 69.947085557753
30.000000, 0.900000, 0.005000, 0.000285414540, 0.340658015606, -3.830282899942, 77.672504830848, 982.870024149255
30.000000, 0.900000, 0.006000, 0.000381718979, 0.183675482985, -8.634984030258, 287.634002486811, 18590.291108787496
30.000000, 0.900000, 0.007000, nan, nan, nan, nan, nan
30.000000, 0.900000, 0.008000, 0.000368633729, 0.297108326671, -1.784888657231, 21.013374371316, 9.348479071662
30.000000, 0.900000, 0.009000, nan, nan, nan, nan, nan
